Data;Tipo;Ticker;Quantidade;Preco;Taxas;DayTrade;IRRF
2026-01-05;C;PETR4;100;30.0;5.0;False;0.0
2026-01-08;C;VALE3;200;60.0;10.0;False;0.0
2026-01-15;V;PETR4;50;35.0;5.0;False;0.0
2026-01-18;C;MXRF11;100;10.0;2.0;False;0.0
2026-01-22;V;MXRF11;50;12.0;2.0;False;0.1
2026-01-25;C;PETR4;100;31.0;2.5;True;0.0
2026-01-25;V;PETR4;100;34.0;2.5;True;3.0
2026-02-05;C;VALE3;300;62.0;15.0;False;0.0
2026-02-20;V;VALE3;450;52.0;20.0;False;1.17
2026-03-02;C;PETR4;800;28.0;20.0;False;0.0
2026-03-25;V;PETR4;800;36.0;20.0;False;1.44
